symboling,fueltype,aspiration,doornumber,enginelocation,wheelbase,carlength,carwidth,carheight,curbweight,enginesize,boreratio,stroke,compressionratio,horsepower,peakrpm,citympg,highwaympg,price,carbody_hardtop,carbody_hatchback,carbody_sedan,carbody_wagon,drivewheel_fwd,drivewheel_rwd,enginetype_dohcv,enginetype_l,enginetype_ohc,enginetype_ohcf,enginetype_ohcv,enginetype_rotor,cylindernumber_five,cylindernumber_four,cylindernumber_six,cylindernumber_three,cylindernumber_twelve,cylindernumber_two,fuelsystem_2bbl,fuelsystem_4bbl,fuelsystem_idi,fuelsystem_mfi,fuelsystem_mpfi,fuelsystem_spdi,fuelsystem_spfi
1.0,1,0,1,0,-1.7782834215091616,-0.4547600053609346,-0.6604335176661514,-2.110152119888243,0.029663854995863416,0.18876917518736638,1.0,-2.6457513110645903,0.1428571428571428,0.2239651933668022,-0.33674215061012197,-0.6706501144634359,-0.5725168694365498,13495,0,0,0,0,0,1,0,0,0,0,0,0,0,1,0,0,0,0,0,0,0,0,1,0,0
1.0,1,0,1,0,-1.7782834215091616,-0.4547600053609346,-0.6604335176661514,-2.110152119888243,0.029663854995863416,0.18876917518736638,1.0,-2.6457513110645903,0.1428571428571428,0.2239651933668022,-0.33674215061012197,-0.6706501144634359,-0.5725168694365498,16500,0,0,0,0,0,1,0,0,0,0,0,0,0,1,0,0,0,0,0,0,0,0,1,0,0
0.6000000000000001,1,0,1,0,-0.7176540874485924,-0.1959687445782171,-0.15828571911006795,-0.509047006241081,0.6069681099153664,0.8638024094262873,0.0,0.3779644730092272,0.1428571428571428,1.4878828894567742,-0.33674215061012197,-1.0304157735342003,-0.7452104825124927,16500,0,1,0,0,0,1,0,0,0,0,1,0,0,0,1,0,0,0,0,0,0,0,1,0,0
0.8,1,0,0,0,0.16620369093521536,0.23535002339297867,0.3438620794460156,0.29150555058250016,-0.41328595514237343,-0.45558073022251266,1.0,0.3779644730092272,0.2142857142857142,-0.0405757197683082,0.7796642586198342,-0.13100162585728942,-0.0544360302087211,13950,0,0,1,0,1,0,0,0,1,0,0,0,0,1,0,0,0,0,0,0,0,0,1,0,0
0.8,1,0,0,0,0.16620369093521536,0.23535002339297867,0.3438620794460156,0.29150555058250016,0.6090673981150737,0.37286914816161754,1.0,0.3779644730092272,0.0714285714285714,0.3415389325379624,0.7796642586198342,-1.2102986030695824,-1.435984934816264,17450,0,0,1,0,0,0,0,0,1,0,0,0,1,0,0,0,0,0,0,0,0,0,1,0,0
0.8,1,0,1,0,0.16620369093521536,0.3216137769872178,0.3438620794460156,-0.10877072782929041,-0.05640696119213521,0.37286914816161754,1.0,0.3779644730092272,0.0714285714285714,0.19457175857401218,0.7796642586198342,-1.0304157735342003,-0.9179040955884356,15250,0,0,1,0,1,0,0,0,1,0,0,0,1,0,0,0,0,0,0,0,0,0,1,0,0
0.6000000000000001,1,0,0,0,1.2268330249957846,1.6155700809008051,2.8546010722264334,0.6917818289942906,0.6510531621092194,0.37286914816161754,1.0,0.3779644730092272,0.0714285714285714,0.19457175857401218,0.7796642586198342,-1.0304157735342003,-0.9179040955884356,17710,0,0,1,0,1,0,0,0,1,0,0,0,1,0,0,0,0,0,0,0,0,0,1,0,0
0.6000000000000001,1,0,0,0,1.2268330249957846,1.6155700809008051,2.8546010722264334,0.6917818289942906,0.8819748640770205,0.37286914816161754,1.0,0.3779644730092272,0.0714285714285714,0.19457175857401218,0.7796642586198342,-1.0304157735342003,-0.9179040955884356,18920,0,0,0,1,1,0,0,0,1,0,0,0,1,0,0,0,0,0,0,0,0,0,1,0,0
0.6000000000000001,1,1,0,0,1.2268330249957846,1.6155700809008051,2.8546010722264334,0.6917818289942906,1.159080906438382,0.21945250401640826,1.0,0.3779644730092272,0.0714285714285714,1.0763748023577135,0.7796642586198342,-1.3901814326049646,-1.7813721609681499,23875,0,0,1,0,1,0,0,0,1,0,0,0,1,0,0,0,0,0,0,0,0,0,1,0,0
0.4,1,1,1,0,0.16620369093521536,0.407877530581457,0.8460098780020991,-0.509047006241081,1.0898043958480417,0.21945250401640826,1.0,0.3779644730092272,0.0,1.6642434982135144,0.7796642586198342,-1.5700642621403467,-1.435984934816264,17859,0,1,0,0,0,0,0,0,1,0,0,0,1,0,0,0,0,0,0,0,0,0,1,0,0
0.8,1,0,1,0,0.5197468022887385,0.23535002339297867,-0.6604335176661514,0.29150555058250016,-0.29152723955935095,-0.4862640590515545,1.0,-2.6457513110645903,0.0714285714285714,-0.06996915456109824,1.449508104157808,-0.31088445539267157,-0.22712964328466398,16430,0,0,1,0,0,1,0,0,1,0,0,0,0,1,0,0,0,0,0,0,0,0,1,0,0
0.4,1,0,0,0,0.5197468022887385,0.23535002339297867,-0.6604335176661514,0.29150555058250016,-0.29152723955935095,-0.4862640590515545,1.0,-2.6457513110645903,0.0714285714285714,-0.06996915456109824,1.449508104157808,-0.31088445539267157,-0.22712964328466398,16925,0,0,1,0,0,1,0,0,1,0,0,0,0,1,0,0,0,0,0,0,0,0,1,0,0
0.4,1,0,1,0,0.5197468022887385,0.23535002339297867,-0.6604335176661514,0.29150555058250016,0.36974854334844337,1.2320023553747896,1.0,0.3779644730092272,0.1428571428571428,0.5178995412947027,-2.0113517644550565,-0.6706501144634359,-0.39982325636060684,20970,0,0,1,0,0,1,0,0,1,0,0,0,0,0,1,0,0,0,0,0,0,0,1,0,0
0.4,1,0,0,0,0.5197468022887385,0.23535002339297867,-0.6604335176661514,0.29150555058250016,0.48520939433234395,1.2320023553747896,1.0,0.3779644730092272,0.1428571428571428,0.5178995412947027,-2.0113517644550565,-0.6706501144634359,-0.39982325636060684,21105,0,0,1,0,0,1,0,0,1,0,0,0,0,0,1,0,0,0,0,0,0,0,1,0,0
0.6000000000000001,1,0,0,0,0.8732899136422616,1.3567788201180877,0.3438620794460156,0.6917818289942906,1.0940029722474562,1.2320023553747896,1.0,0.3779644730092272,0.1428571428571428,0.5178995412947027,-2.0113517644550565,-0.8505329439988181,-0.9179040955884356,24565,0,0,1,0,0,1,0,0,1,0,0,0,0,0,1,0,0,0,0,0,0,0,1,0,0
0.4,1,0,0,0,0.8732899136422616,1.3567788201180877,0.3438620794460156,0.6917818289942906,1.4613784071962308,2.612752152681673,1.0,0.3779644730092272,0.0714285714285714,2.3108990636548956,0.5563829767738431,-1.5700642621403467,-1.435984934816264,30760,0,0,1,0,0,1,0,0,1,0,0,0,0,0,1,0,0,0,0,0,0,0,1,0,0
0.4,1,0,1,0,0.8732899136422616,1.7018338344950443,0.8460098780020991,-0.10877072782929041,1.7762716371523233,2.612752152681673,1.0,0.3779644730092272,0.0714285714285714,2.3108990636548956,0.5563829767738431,-1.5700642621403467,-1.435984934816264,41315,0,0,1,0,0,1,0,0,1,0,0,0,0,0,1,0,0,0,0,0,0,0,1,0,0
0.4,1,0,0,0,2.1106908033795926,2.046888848872001,2.3524532736703496,1.0920581074060813,2.038682662115734,2.612752152681673,1.0,0.3779644730092272,0.0714285714285714,2.3108990636548956,0.5563829767738431,-1.749947091675729,-1.7813721609681499,36880,0,0,1,0,0,1,0,0,1,0,0,0,0,0,1,0,0,0,0,0,0,0,1,0,0
0.6000000000000001,1,0,1,0,-0.7176540874485924,-1.5761888020860437,-1.162581316222235,-0.509047006241081,-1.3852563916068457,-1.0385639779743079,1.0,0.3779644730092272,0.1428571428571428,-0.9811656331375896,0.5563829767738431,2.387357987638061,2.1905809397785365,6295,0,1,0,0,1,0,0,0,1,0,0,0,0,1,0,0,0,0,1,0,0,0,0,0,0
0.4,1,0,0,0,-0.7176540874485924,-1.317397541303326,-1.162581316222235,-0.509047006241081,-1.3117813046170907,-1.0385639779743079,1.0,0.3779644730092272,0.1428571428571428,-0.9811656331375896,0.5563829767738431,2.387357987638061,2.1905809397785365,6575,0,0,1,0,1,0,0,0,1,0,0,0,0,1,0,0,0,0,1,0,0,0,0,0,0
0.6000000000000001,1,0,1,0,-0.894425643125354,-1.4036612948975653,-1.162581316222235,-1.309599563064662,-1.381057815207431,-1.0385639779743079,0.0,0.3779644730092272,0.1428571428571428,-1.0399525027231697,0.7796642586198342,2.2074751581026786,1.8451937136266505,5572,0,1,0,0,1,0,0,0,1,0,0,0,0,1,0,0,0,0,1,0,0,0,0,0,0
0.6000000000000001,1,0,1,0,-0.894425643125354,-1.4036612948975653,-1.162581316222235,-1.309599563064662,-1.381057815207431,-1.0385639779743079,0.0,0.3779644730092272,0.1428571428571428,-1.0399525027231697,0.7796642586198342,1.1281781808903857,1.3271128743988219,6377,0,1,0,0,1,0,0,0,1,0,0,0,0,1,0,0,0,0,1,0,0,0,0,0,0
0.6000000000000001,1,1,1,0,-0.894425643125354,-1.4036612948975653,-1.162581316222235,-1.309599563064662,-0.8520371888811956,-0.7930973473419731,1.0,0.3779644730092272,0.0,-0.0405757197683082,0.7796642586198342,-0.13100162585728942,-0.0544360302087211,7957,0,1,0,0,1,0,0,0,1,0,0,0,0,1,0,0,0,0,0,0,0,0,1,0,0
0.6000000000000001,1,0,0,0,-0.894425643125354,-1.4036612948975653,-1.162581316222235,-1.309599563064662,-1.1900225890340683,-1.0385639779743079,0.0,0.3779644730092272,0.1428571428571428,-1.0399525027231697,0.7796642586198342,1.1281781808903857,1.3271128743988219,6229,0,1,0,0,1,0,0,0,1,0,0,0,0,1,0,0,0,0,1,0,0,0,0,0,0
0.6000000000000001,1,0,0,0,-0.894425643125354,-1.4036612948975653,-1.162581316222235,-1.309599563064662,-1.143838248640508,-1.0385639779743079,0.0,0.3779644730092272,0.1428571428571428,-1.0399525027231697,0.7796642586198342,1.1281781808903857,1.3271128743988219,6692,0,0,1,0,1,0,0,0,1,0,0,0,0,1,0,0,0,0,1,0,0,0,0,0,0
0.6000000000000001,1,0,0,0,-0.894425643125354,-1.4036612948975653,-1.162581316222235,-1.309599563064662,-1.143838248640508,-1.0385639779743079,0.0,0.3779644730092272,0.1428571428571428,-1.0399525027231697,0.7796642586198342,1.1281781808903857,1.3271128743988219,7609,0,0,1,0,1,0,0,0,1,0,0,0,0,1,0,0,0,0,1,0,0,0,0,0,0
0.6000000000000001,1,1,1,0,-0.894425643125354,-1.4036612948975653,-1.162581316222235,-1.309599563064662,-0.7197820322996368,-0.7930973473419731,1.0,0.3779644730092272,0.0,-0.0405757197683082,0.7796642586198342,-0.13100162585728942,-0.0544360302087211,8558,0,0,1,0,1,0,0,0,1,0,0,0,0,1,0,0,0,0,0,0,0,0,1,0,0
0.2,1,0,0,0,0.8732899136422616,0.06282251620450036,-0.6604335176661514,2.292886942641453,0.0023731083996687296,-0.05669745544496848,1.0,0.3779644730092272,0.0714285714285714,-0.4520838068673688,-0.33674215061012197,-0.13100162585728942,-0.0544360302087211,8921,0,0,0,1,1,0,0,0,1,0,0,0,0,1,0,0,0,0,1,0,0,0,0,0,0
1.0,1,1,1,0,-0.5408825317718309,-0.023441237389738794,0.3438620794460156,-1.309599563064662,0.581776651518879,0.9865357247424547,1.0,0.3779644730092272,0.0,1.2233419763216637,-0.33674215061012197,-1.0304157735342003,-1.0905977086643783,12964,0,1,0,0,1,0,0,0,1,0,0,0,0,1,0,0,0,0,0,0,0,1,0,0,0
0.8,1,0,1,0,-2.131826532862685,-2.5250900916226744,-1.162581316222235,-1.309599563064662,-1.5007172425907462,-0.9771973203162242,0.0,0.3779644730092272,0.1428571428571428,-0.8048050243808494,1.8960706678497905,1.1281781808903857,1.3271128743988219,6855,0,1,0,0,1,0,0,0,1,0,0,0,0,1,0,0,0,0,0,0,0,0,0,0,0
0.6000000000000001,1,0,1,0,-0.894425643125354,-2.0075075700572396,-0.6604335176661514,-0.509047006241081,-1.4629300549960151,-1.3760805950937685,0.0,0.3779644730092272,0.2142857142857142,-1.2750999810654902,0.7796642586198342,2.387357987638061,2.0178873267025934,5399,0,1,0,0,1,0,0,0,1,0,0,0,0,1,0,0,0,0,0,0,0,0,0,0,0
0.6000000000000001,1,0,1,0,-0.894425643125354,-2.0075075700572396,-0.6604335176661514,-0.509047006241081,-1.246703370426165,-0.9771973203162242,0.0,0.3779644730092272,0.1428571428571428,-0.8048050243808494,1.8960706678497905,0.9482953513550036,0.6363384220950504,6529,0,1,0,0,1,0,0,0,1,0,0,0,0,1,0,0,0,0,0,0,0,0,0,0,0
0.6000000000000001,1,0,1,0,-0.894425643125354,-2.0075075700572396,-0.6604335176661514,-0.509047006241081,-1.2131147592308484,-0.9771973203162242,0.0,0.3779644730092272,0.1428571428571428,-0.8048050243808494,1.8960706678497905,0.9482953513550036,0.6363384220950504,7129,0,1,0,0,1,0,0,0,1,0,0,0,0,1,0,0,0,0,0,0,0,0,0,0,0
0.4,1,0,0,0,-0.3641109760950693,-0.8860787733321304,-0.6604335176661514,0.29150555058250016,-1.0997531964466551,-0.9771973203162242,0.0,0.3779644730092272,0.1428571428571428,-0.8048050243808494,1.8960706678497905,0.9482953513550036,0.6363384220950504,7295,0,0,1,0,1,0,0,0,1,0,0,0,0,1,0,0,0,0,0,0,0,0,0,0,0
0.4,1,0,0,0,-0.3641109760950693,-1.4036612948975653,-1.162581316222235,1.8926106642296623,-1.0703631616507532,-0.9771973203162242,0.0,0.3779644730092272,0.1428571428571428,-0.8048050243808494,1.8960706678497905,0.9482953513550036,0.6363384220950504,7295,0,0,0,1,1,0,0,0,1,0,0,0,0,1,0,0,0,0,0,0,0,0,0,0,0
0.4,1,0,1,0,-0.3641109760950693,-0.5410237589551737,-0.15828571911006795,-0.10877072782929041,-0.625314063312809,-0.42489740139347076,1.0,0.3779644730092272,0.1428571428571428,-0.5108706764529489,1.449508104157808,0.4086468627488571,0.46364480901910754,7895,0,1,0,0,1,0,0,0,1,0,0,0,0,1,0,0,0,0,0,0,0,0,0,0,0
0.4,1,0,1,0,-0.3641109760950693,-0.5410237589551737,-0.15828571911006795,-0.10877072782929041,-0.514051788728323,-0.42489740139347076,1.0,0.3779644730092272,0.1428571428571428,-0.5108706764529489,1.449508104157808,0.4086468627488571,0.46364480901910754,9095,0,1,0,0,1,0,0,0,1,0,0,0,0,1,0,0,0,0,0,0,0,0,0,0,0
0.4,1,0,0,0,-0.3641109760950693,0.1490862697987395,-0.15828571911006795,0.29150555058250016,-0.4825624657327138,-0.42489740139347076,1.0,0.3779644730092272,0.1428571428571428,-0.5108706764529489,1.449508104157808,0.4086468627488571,0.46364480901910754,8845,0,0,1,0,1,0,0,0,1,0,0,0,0,1,0,0,0,0,0,0,0,0,0,0,0
0.4,1,0,0,0,-0.3641109760950693,0.1490862697987395,-1.6647291147783185,0.29150555058250016,-0.33981086815261846,-0.42489740139347076,1.0,0.3779644730092272,0.1428571428571428,-0.5108706764529489,1.449508104157808,0.4086468627488571,0.46364480901910754,10295,0,0,1,0,1,0,0,0,1,0,0,0,0,1,0,0,0,0,0,0,0,0,0,0,0
0.4,1,0,0,0,-0.3641109760950693,0.1490862697987395,-0.15828571911006795,0.29150555058250016,-0.14457706557984112,-0.42489740139347076,1.0,0.3779644730092272,0.1428571428571428,-0.06996915456109824,1.449508104157808,-0.13100162585728942,-0.39982325636060684,12945,0,0,1,0,1,0,0,0,1,0,0,0,0,1,0,0,0,0,0,0,0,0,1,0,0
0.6000000000000001,1,0,1,0,-0.3641109760950693,-0.3684962517666954,0.3438620794460156,-0.9093232846528715,-0.5056546359294939,-0.42489740139347076,1.0,0.3779644730092272,0.1428571428571428,-0.0993625893538883,0.7796642586198342,0.04888120367809276,0.11825758286722178,10345,0,0,1,0,1,0,0,0,1,0,0,0,0,1,0,0,0,0,1,0,0,0,0,0,0
0.4,1,0,0,0,-0.7176540874485924,-0.28223249817245627,-2.166876913334402,-0.10877072782929041,-0.41328595514237343,-0.3942140725644289,1.0,0.3779644730092272,0.0714285714285714,-0.7460181547952693,-0.7833047143021045,-0.13100162585728942,-0.22712964328466398,6785,0,0,1,0,0,1,0,0,1,0,0,0,0,1,0,0,0,0,1,0,0,0,0,0,0
0.6000000000000001,1,0,1,0,-0.7176540874485924,-1.5761888020860437,-1.162581316222235,-0.509047006241081,-1.3852563916068457,-1.0385639779743079,1.0,0.3779644730092272,0.1428571428571428,-0.9811656331375896,0.5563829767738431,2.387357987638061,2.1905809397785365,8916,0,0,1,0,1,0,0,0,1,0,0,0,0,1,0,0,0,0,1,0,0,0,0,0,0
0.4,1,0,0,0,-0.7176540874485924,-1.5761888020860437,-1.162581316222235,-0.509047006241081,-1.3117813046170907,-1.0385639779743079,1.0,0.3779644730092272,0.1428571428571428,-0.9811656331375896,0.5563829767738431,2.387357987638061,2.1905809397785365,8916,0,0,1,0,1,0,0,0,1,0,0,0,0,1,0,0,0,0,1,0,0,0,0,0,0
0.8,1,0,1,0,-0.3641109760950693,-0.10970499098397796,-0.15828571911006795,-0.9093232846528715,0.42013146014141817,-0.14874744193209405,1.0,0.3779644730092272,0.1428571428571428,-0.39329693728178877,-0.33674215061012197,-0.13100162585728942,-0.22712964328466398,11048,0,1,0,0,0,1,0,0,1,0,0,0,0,1,0,0,0,0,0,0,0,0,0,0,1
0.6000000000000001,1,0,1,0,-0.894425643125354,-1.231133787709087,-0.6604335176661514,0.29150555058250016,-1.3516677804115291,-1.007880649145266,1.0,0.3779644730092272,0.1428571428571428,-1.0399525027231697,-0.33674215061012197,0.9482953513550036,0.11825758286722178,5195,0,1,0,0,1,0,0,0,1,0,0,0,0,1,0,0,0,0,1,0,0,0,0,0,0
0.6000000000000001,1,0,1,0,-0.894425643125354,-1.231133787709087,-0.6604335176661514,0.29150555058250016,-1.3306748984144563,-1.007880649145266,1.0,0.3779644730092272,0.1428571428571428,-1.0399525027231697,-0.33674215061012197,1.1281781808903857,1.3271128743988219,6095,0,1,0,0,1,0,0,0,1,0,0,0,0,1,0,0,0,0,1,0,0,0,0,0,0
0.6000000000000001,1,0,1,0,-0.894425643125354,-1.231133787709087,-0.6604335176661514,0.29150555058250016,-1.3201784574159199,-1.007880649145266,1.0,0.3779644730092272,0.1428571428571428,-1.0399525027231697,-0.33674215061012197,1.1281781808903857,1.3271128743988219,6795,0,1,0,0,1,0,0,0,1,0,0,0,0,1,0,0,0,0,1,0,0,0,0,0,0
0.6000000000000001,1,0,0,0,-0.894425643125354,-0.627287512549413,-0.6604335176661514,0.29150555058250016,-1.2362069294276286,-1.007880649145266,1.0,0.3779644730092272,0.1428571428571428,-1.0399525027231697,-0.33674215061012197,1.1281781808903857,1.3271128743988219,6695,0,0,1,0,1,0,0,0,1,0,0,0,0,1,0,0,0,0,1,0,0,0,0,0,0
0.6000000000000001,1,0,0,0,-0.894425643125354,-0.627287512549413,-0.6604335176661514,0.29150555058250016,-1.2257104884290921,-1.007880649145266,1.0,0.3779644730092272,0.1428571428571428,-1.0399525027231697,-0.33674215061012197,1.1281781808903857,1.3271128743988219,7395,0,0,1,0,1,0,0,0,1,0,0,0,0,1,0,0,0,0,1,0,0,0,0,0,0
1.0,1,0,1,0,-0.5408825317718309,-0.3684962517666954,-0.15828571911006795,-1.7098758414764526,-0.3230165625549602,-1.6522305545551452,1.0,0.3779644730092272,0.1428571428571428,-0.06996915456109824,1.8960706678497905,-1.3901814326049646,-1.2632913217403212,10945,0,1,0,0,0,1,0,0,0,0,0,1,0,0,0,0,0,1,0,1,0,0,0,0,0
1.0,1,0,1,0,-0.5408825317718309,-0.3684962517666954,-0.15828571911006795,-1.7098758414764526,-0.3230165625549602,-1.6522305545551452,1.0,0.3779644730092272,0.1428571428571428,-0.06996915456109824,1.8960706678497905,-1.3901814326049646,-1.2632913217403212,11845,0,1,0,0,0,1,0,0,0,0,0,1,0,0,0,0,0,1,0,1,0,0,0,0,0
1.0,1,0,1,0,-0.5408825317718309,-0.3684962517666954,-0.15828571911006795,-1.7098758414764526,-0.3125201215564238,-1.6522305545551452,1.0,0.3779644730092272,0.1428571428571428,-0.06996915456109824,1.8960706678497905,-1.3901814326049646,-1.2632913217403212,13645,0,1,0,0,0,1,0,0,0,0,0,1,0,0,0,0,0,1,0,1,0,0,0,0,0
1.0,1,0,1,0,-0.5408825317718309,-0.3684962517666954,-0.15828571911006795,-1.7098758414764526,-0.0711019785900862,-1.3453972662647264,1.0,0.3779644730092272,0.1428571428571428,0.9294076283937633,1.8960706678497905,-1.5700642621403467,-1.2632913217403212,15645,0,1,0,0,0,1,0,0,0,0,0,1,0,0,0,0,0,1,0,0,0,0,1,0,0
0.6000000000000001,1,0,1,0,-0.010567864741546184,0.3216137769872178,0.3438620794460156,-0.10877072782929041,-0.3125201215564238,-0.05669745544496848,1.0,0.3779644730092272,0.0714285714285714,-0.569657546038529,-0.7833047143021045,0.22876403321347494,0.29095119594316465,8845,0,1,0,0,1,0,0,0,1,0,0,0,0,1,0,0,0,0,1,0,0,0,0,0,0
0.4,1,0,0,0,-0.010567864741546184,0.3216137769872178,0.3438620794460156,0.6917818289942906,-0.2600379165637417,-0.05669745544496848,1.0,0.3779644730092272,0.0714285714285714,-0.569657546038529,-0.7833047143021045,0.22876403321347494,0.29095119594316465,8495,0,0,1,0,1,0,0,0,1,0,0,0,0,1,0,0,0,0,1,0,0,0,0,0,0
0.6000000000000001,1,0,1,0,-0.010567864741546184,0.3216137769872178,0.3438620794460156,-0.10877072782929041,-0.3125201215564238,-0.05669745544496848,1.0,0.3779644730092272,0.0714285714285714,-0.569657546038529,-0.7833047143021045,0.22876403321347494,0.29095119594316465,10595,0,1,0,0,1,0,0,0,1,0,0,0,0,1,0,0,0,0,1,0,0,0,0,0,0
0.4,1,0,0,0,-0.010567864741546184,0.3216137769872178,0.3438620794460156,0.6917818289942906,-0.2600379165637417,-0.05669745544496848,1.0,0.3779644730092272,0.0714285714285714,-0.569657546038529,-0.7833047143021045,0.22876403321347494,0.29095119594316465,10245,0,0,1,0,1,0,0,0,1,0,0,0,0,1,0,0,0,0,1,0,0,0,0,0,0
0.4,1,0,0,0,-0.010567864741546184,0.3216137769872178,0.3438620794460156,0.6917818289942906,-0.22854859356813245,-0.05669745544496848,1.0,0.3779644730092272,0.0714285714285714,-0.569657546038529,-0.7833047143021045,0.22876403321347494,0.29095119594316465,11245,0,1,0,0,1,0,0,0,1,0,0,0,0,1,0,0,0,0,1,0,0,0,0,0,0
0.4,1,0,0,0,1.050061469319023,0.1490862697987395,0.3438620794460156,0.29150555058250016,0.285777015360152,0.49560246347778497,1.0,0.3779644730092272,0.0714285714285714,0.4885061065019126,-0.33674215061012197,-1.0304157735342003,-0.5725168694365498,18280,0,0,1,0,0,1,0,0,1,0,0,0,0,1,0,0,0,0,0,0,0,0,1,0,0
0.2,0,1,0,0,2.1106908033795926,1.443042573712327,2.3524532736703496,1.0920581074060813,2.0596755441128067,1.814985603126585,1.0,0.3779644730092272,1.0,0.5766864108802827,-1.788070482609065,-0.49076728492805377,-0.9179040955884356,25552,0,0,1,0,0,1,0,0,1,0,0,0,1,0,0,0,0,0,0,0,1,0,0,0,0
0.2,0,1,0,0,2.1106908033795926,1.443042573712327,2.3524532736703496,1.8926106642296623,2.553008271044018,1.814985603126585,1.0,0.3779644730092272,1.0,0.5766864108802827,-1.788070482609065,-0.49076728492805377,-0.9179040955884356,28248,0,0,0,1,0,1,0,0,1,0,0,0,1,0,0,0,0,0,0,0,1,0,0,0,0
0.4,0,1,1,0,1.4036045806725463,1.1842513129296095,2.3524532736703496,0.29150555058250016,2.017689780118661,1.814985603126585,1.0,0.3779644730092272,1.0,0.5766864108802827,-1.788070482609065,-0.49076728492805377,-0.9179040955884356,28176,1,0,0,0,0,1,0,0,1,0,0,0,1,0,0,0,0,0,0,0,1,0,0,0,0
0.2,0,1,0,0,2.9945485817634,2.478207616843197,2.8546010722264334,1.0920581074060813,2.5949940350381637,1.814985603126585,1.0,0.3779644730092272,1.0,0.5766864108802827,-1.788070482609065,-0.49076728492805377,-0.9179040955884356,31600,0,0,1,0,0,1,0,0,1,0,0,0,1,0,0,0,0,0,0,0,1,0,0,0,0
0.2,1,0,0,0,2.9945485817634,2.478207616843197,2.8546010722264334,1.0920581074060813,2.5320153890469452,3.37983537340772,1.0,0.3779644730092272,0.0714285714285714,1.5172763242495642,-0.8949453552251001,-1.5700642621403467,-2.126759387120036,34184,0,0,1,0,0,1,0,0,0,0,1,0,0,0,0,0,0,0,0,0,0,0,1,0,0
1.0,1,0,1,0,-0.3641109760950693,0.5804050377699354,2.3524532736703496,-1.309599563064662,2.416554538063045,3.37983537340772,1.0,0.3779644730092272,0.0714285714285714,1.5172763242495642,-0.8949453552251001,-1.5700642621403467,-2.126759387120036,35056,0,0,0,0,0,1,0,0,0,0,1,0,0,0,0,0,0,0,0,0,0,0,1,0,0
0.6000000000000001,1,1,1,0,0.6965183579655,0.407877530581457,1.3481576765581826,0.29150555058250016,0.7896061832899001,0.49560246347778497,1.0,0.3779644730092272,0.0714285714285714,2.105145020105365,-0.33674215061012197,-1.0304157735342003,-1.0905977086643783,16503,0,1,0,0,0,1,0,0,1,0,0,0,0,1,0,0,0,0,0,0,0,0,1,0,0
0.8,1,0,1,0,-0.894425643125354,-1.4036612948975653,-0.6604335176661514,-1.309599563064662,-1.2928877108197252,-0.9771973203162242,0.0,0.3779644730092272,0.1428571428571428,-1.0399525027231697,0.7796642586198342,2.2074751581026786,1.8451937136266505,5389,0,1,0,0,1,0,0,0,1,0,0,0,0,1,0,0,0,0,1,0,0,0,0,0,0
0.8,1,0,1,0,-0.894425643125354,-1.4036612948975653,-0.6604335176661514,-1.309599563064662,-1.2383062176273358,-0.9771973203162242,0.0,0.3779644730092272,0.1428571428571428,-1.0399525027231697,0.7796642586198342,1.1281781808903857,1.3271128743988219,6189,0,1,0,0,1,0,0,0,1,0,0,0,0,1,0,0,0,0,1,0,0,0,0,0,0
0.8,1,0,1,0,-0.894425643125354,-1.4036612948975653,-0.6604335176661514,-1.309599563064662,-1.1123489256448988,-0.9771973203162242,0.0,0.3779644730092272,0.1428571428571428,-1.0399525027231697,0.7796642586198342,1.1281781808903857,1.3271128743988219,6669,0,1,0,0,1,0,0,0,1,0,0,0,0,1,0,0,0,0,1,0,0,0,0,0,0
0.6000000000000001,1,1,1,0,-0.894425643125354,-1.4036612948975653,-1.162581316222235,-1.309599563064662,-0.8163492894861718,-0.7930973473419731,1.0,0.3779644730092272,0.0,-0.0405757197683082,0.7796642586198342,-0.13100162585728942,-0.0544360302087211,7689,0,1,0,0,1,0,0,0,1,0,0,0,0,1,0,0,0,0,0,0,0,0,0,1,0
1.0,1,1,1,0,-0.3641109760950693,-0.023441237389738794,-0.15828571911006795,-1.7098758414764526,-0.34400944455203303,-0.42489740139347076,1.0,0.3779644730092272,0.0,0.37093236733075247,0.7796642586198342,-0.31088445539267157,-0.0544360302087211,9959,0,1,0,0,1,0,0,0,1,0,0,0,0,1,0,0,0,0,0,0,0,0,0,1,0
1.0,1,0,1,0,-0.3641109760950693,-0.023441237389738794,-0.15828571911006795,-1.7098758414764526,-0.432179548939739,-0.05669745544496848,1.0,0.3779644730092272,0.0714285714285714,-0.4520838068673688,-0.33674215061012197,0.04888120367809276,0.29095119594316465,8499,0,1,0,0,1,0,0,0,1,0,0,0,0,1,0,0,0,0,1,0,0,0,0,0,0
1.0,1,1,1,0,-0.5408825317718309,-0.023441237389738794,0.3438620794460156,-1.309599563064662,0.6279609919124393,0.9865357247424547,1.0,0.3779644730092272,0.0,1.2233419763216637,-0.33674215061012197,-1.0304157735342003,-1.0905977086643783,12629,0,1,0,0,1,0,0,0,1,0,0,0,0,1,0,0,0,0,0,0,0,0,0,1,0
1.0,1,1,1,0,-0.5408825317718309,-0.023441237389738794,0.3438620794460156,-1.309599563064662,0.8126983534866802,0.9865357247424547,1.0,0.3779644730092272,0.0,1.2233419763216637,-0.33674215061012197,-1.0304157735342003,-1.0905977086643783,14869,0,1,0,0,1,0,0,0,1,0,0,0,0,1,0,0,0,0,0,0,0,0,0,1,0
1.0,1,1,1,0,-0.5408825317718309,-0.023441237389738794,0.3438620794460156,-1.309599563064662,0.8231947944852166,0.9865357247424547,1.0,0.3779644730092272,0.0,1.2233419763216637,-0.33674215061012197,-1.0304157735342003,-1.0905977086643783,14489,0,1,0,0,1,0,0,0,1,0,0,0,0,1,0,0,0,0,0,0,0,0,0,1,0
0.6000000000000001,1,0,0,0,-0.3641109760950693,-0.10970499098397796,-0.15828571911006795,-0.9093232846528715,-0.35450588555056944,-0.05669745544496848,1.0,0.3779644730092272,0.0714285714285714,-0.4520838068673688,-0.33674215061012197,0.04888120367809276,0.29095119594316465,6989,0,0,1,0,1,0,0,0,1,0,0,0,0,1,0,0,0,0,1,0,0,0,0,0,0
0.6000000000000001,1,0,0,0,-0.3641109760950693,-0.10970499098397796,-0.15828571911006795,-0.9093232846528715,-0.2705343575622781,-0.05669745544496848,1.0,0.3779644730092272,0.0714285714285714,-0.4520838068673688,-0.33674215061012197,0.04888120367809276,0.29095119594316465,8189,0,0,1,0,1,0,0,0,1,0,0,0,0,1,0,0,0,0,1,0,0,0,0,0,0
0.6000000000000001,1,1,0,0,-0.3641109760950693,-0.10970499098397796,-0.15828571911006795,-0.9093232846528715,-0.2747329339616927,-0.42489740139347076,1.0,0.3779644730092272,0.0,0.37093236733075247,0.7796642586198342,-0.31088445539267157,-0.0544360302087211,9279,0,0,1,0,1,0,0,0,1,0,0,0,0,1,0,0,0,0,0,0,0,0,0,1,0
0.2,1,0,0,0,-0.3641109760950693,-0.10970499098397796,-0.15828571911006795,-0.9093232846528715,-0.2747329339616927,-0.42489740139347076,1.0,0.3779644730092272,0.0,0.37093236733075247,0.7796642586198342,-0.31088445539267157,-0.0544360302087211,9279,0,0,1,0,1,0,0,0,1,0,0,0,0,1,0,0,0,0,0,0,0,0,0,1,0
0.6000000000000001,1,0,1,0,-0.7176540874485924,-0.713551266143652,-1.162581316222235,0.29150555058250016,-1.3537670686112364,-0.8237806761710149,1.0,0.3779644730092272,0.1428571428571428,-1.0105590679303798,0.10982041308186054,1.1281781808903857,1.154419261322879,5499,0,0,1,0,1,0,0,0,1,0,0,0,0,1,0,0,0,0,1,0,0,0,0,0,0
0.6000000000000001,1,0,1,0,-0.7176540874485924,-0.713551266143652,-1.162581316222235,0.29150555058250016,-1.2928877108197252,-0.8237806761710149,1.0,0.3779644730092272,0.1428571428571428,-1.0105590679303798,0.10982041308186054,1.1281781808903857,1.154419261322879,6649,0,0,1,0,1,0,0,0,1,0,0,0,0,1,0,0,0,0,1,0,0,0,0,0,0
0.6000000000000001,1,0,0,0,-0.7176540874485924,-0.713551266143652,-1.162581316222235,0.29150555058250016,-1.2509019468255795,-0.8237806761710149,1.0,0.3779644730092272,0.1428571428571428,-1.0105590679303798,0.10982041308186054,1.1281781808903857,1.154419261322879,6849,0,0,1,0,1,0,0,0,1,0,0,0,0,1,0,0,0,0,1,0,0,0,0,0,0
0.6000000000000001,1,0,0,0,-0.7176540874485924,-0.28223249817245627,-1.162581316222235,-0.10877072782929041,-1.0703631616507532,-0.8237806761710149,1.0,0.3779644730092272,0.1428571428571428,-1.0105590679303798,0.10982041308186054,1.1281781808903857,1.154419261322879,7349,0,0,0,1,1,0,0,0,1,0,0,0,0,1,0,0,0,0,1,0,0,0,0,0,0
0.6000000000000001,1,0,1,0,-0.7176540874485924,-0.713551266143652,-1.162581316222235,0.29150555058250016,-1.2236112002293849,-0.8237806761710149,1.0,0.3779644730092272,0.1428571428571428,-1.0105590679303798,0.10982041308186054,1.1281781808903857,1.154419261322879,7299,0,0,1,0,1,0,0,0,1,0,0,0,0,1,0,0,0,0,1,0,0,0,0,0,0
0.6000000000000001,1,0,1,0,-0.7176540874485924,-0.713551266143652,-1.162581316222235,-0.10877072782929041,-1.061966008851924,-0.8237806761710149,1.0,0.3779644730092272,0.1428571428571428,-1.0105590679303798,0.10982041308186054,1.1281781808903857,1.154419261322879,7799,0,1,0,0,1,0,0,0,1,0,0,0,0,1,0,0,0,0,1,0,0,0,0,0,0
0.6000000000000001,1,0,0,0,-0.7176540874485924,-0.713551266143652,-1.162581316222235,0.29150555058250016,-1.1816254362352392,-0.8237806761710149,1.0,0.3779644730092272,0.1428571428571428,-1.0105590679303798,0.10982041308186054,1.1281781808903857,1.154419261322879,7499,0,0,1,0,1,0,0,0,1,0,0,0,0,1,0,0,0,0,1,0,0,0,0,0,0
0.6000000000000001,1,0,0,0,-0.7176540874485924,-0.28223249817245627,-1.162581316222235,-0.10877072782929041,-1.0430724150545585,-0.8237806761710149,1.0,0.3779644730092272,0.1428571428571428,-1.0105590679303798,0.10982041308186054,1.1281781808903857,1.154419261322879,7999,0,0,0,1,1,0,0,0,1,0,0,0,0,1,0,0,0,0,1,0,0,0,0,0,0
0.8,1,0,1,0,-0.5408825317718309,-0.9723425269263696,-1.162581316222235,-0.10877072782929041,-1.1039517728460697,-0.8237806761710149,1.0,0.3779644730092272,0.1428571428571428,-1.0105590679303798,0.10982041308186054,1.1281781808903857,1.154419261322879,8249,1,0,0,0,1,0,0,0,1,0,0,0,0,1,0,0,0,0,1,0,0,0,0,0,0
0.4,1,0,0,0,-0.18733942041830773,-0.023441237389738794,-0.15828571911006795,0.29150555058250016,-0.4405767017385681,-0.1180641131030522,1.0,0.3779644730092272,0.0714285714285714,-0.18754289373225844,0.10982041308186054,0.4086468627488571,0.6363384220950504,8949,0,1,0,0,1,0,0,0,1,0,0,0,0,1,0,0,0,0,1,0,0,0,0,0,0
0.4,1,0,0,0,-0.18733942041830773,-0.023441237389738794,-0.15828571911006795,0.29150555058250016,-0.48676104213212834,-0.1180641131030522,1.0,0.3779644730092272,0.0714285714285714,-0.18754289373225844,0.10982041308186054,0.4086468627488571,0.6363384220950504,9549,0,0,1,0,1,0,0,0,1,0,0,0,0,1,0,0,0,0,1,0,0,0,0,0,0
0.4,1,0,0,0,0.3429752466119769,0.6666687913641745,0.3438620794460156,0.6917818289942906,1.1779745002357476,1.7536189454685012,1.0,0.3779644730092272,0.1428571428571428,1.4290960198711942,0.10982041308186054,-1.3901814326049646,-1.435984934816264,13499,0,0,1,0,1,0,0,0,0,0,1,0,0,0,1,0,0,0,0,0,0,0,1,0,0
0.4,1,0,0,0,0.3429752466119769,0.925460052146892,0.3438620794460156,1.0920581074060813,1.5999314283769115,1.7536189454685012,1.0,0.3779644730092272,0.1428571428571428,1.4290960198711942,0.10982041308186054,-1.3901814326049646,-1.435984934816264,14399,0,0,0,1,1,0,0,0,0,0,1,0,0,0,1,0,0,0,0,0,0,0,1,0,0
0.4,1,0,0,0,0.3429752466119769,0.925460052146892,0.3438620794460156,0.6917818289942906,1.1044994132459927,1.7536189454685012,1.0,0.3779644730092272,0.1428571428571428,1.4290960198711942,0.10982041308186054,-1.0304157735342003,-0.9179040955884356,13499,0,0,1,0,1,0,0,0,0,0,1,0,0,0,1,0,0,0,0,0,0,0,1,0,0
1.0,1,0,1,0,-1.2479687544788771,-0.28223249817245627,0.8460098780020991,-1.7098758414764526,1.1275915834427728,1.7536189454685012,1.0,0.3779644730092272,0.1428571428571428,1.6642434982135144,0.10982041308186054,-1.0304157735342003,-0.9179040955884356,17199,0,1,0,0,0,1,0,0,0,0,1,0,0,0,1,0,0,0,0,0,0,0,1,0,0
1.0,1,1,1,0,-1.2479687544788771,-0.28223249817245627,0.8460098780020991,-1.7098758414764526,1.270343181022868,1.7536189454685012,1.0,0.3779644730092272,0.0,2.8399808899251164,0.10982041308186054,-1.3901814326049646,-1.2632913217403212,19699,0,1,0,0,0,1,0,0,0,0,1,0,0,0,1,0,0,0,0,0,0,0,1,0,0
0.6000000000000001,1,0,1,0,0.16620369093521536,0.407877530581457,0.8460098780020991,-1.7098758414764526,1.270343181022868,1.7536189454685012,1.0,0.3779644730092272,0.1428571428571428,1.6642434982135144,0.10982041308186054,-1.0304157735342003,-0.9179040955884356,18399,0,1,0,0,0,1,0,0,0,0,1,0,0,0,1,0,0,0,0,0,0,0,1,0,0
0.4,1,0,0,0,1.5803761363493078,1.0979875593353703,1.3481576765581826,1.0920581074060813,1.0205278852577013,-0.1180641131030522,1.0,0.3779644730092272,0.0714285714285714,-0.18754289373225844,-0.33674215061012197,-1.0304157735342003,-1.0905977086643783,11900,0,0,1,0,0,1,0,1,0,0,0,0,0,1,0,0,0,0,0,0,0,0,1,0,0
0.4,0,1,0,0,1.5803761363493078,1.0979875593353703,1.3481576765581826,1.0920581074060813,1.3921018966058905,0.8638024094262873,1.0,0.3779644730092272,1.0,-0.2463297633178385,-2.2346330463010475,0.5885296922842392,0.46364480901910754,13200,0,0,1,0,0,1,0,1,0,0,0,0,0,1,0,0,0,0,0,0,1,0,0,0,0
0.4,1,0,0,0,2.8177770260866386,2.13315260246624,1.3481576765581826,1.8926106642296623,1.4613784071962308,-0.1180641131030522,1.0,0.3779644730092272,0.0714285714285714,-0.18754289373225844,-0.33674215061012197,-1.0304157735342003,-1.0905977086643783,12440,0,0,0,1,0,1,0,1,0,0,0,0,0,1,0,0,0,0,0,0,0,0,1,0,0
0.4,0,1,0,0,2.8177770260866386,2.13315260246624,1.3481576765581826,1.8926106642296623,1.8812360471376874,0.8638024094262873,1.0,0.3779644730092272,1.0,-0.2463297633178385,-2.2346330463010475,0.04888120367809276,-0.9179040955884356,13860,0,0,0,1,0,1,0,1,0,0,0,0,0,1,0,0,0,0,0,0,1,0,0,0,0
0.4,1,0,0,0,1.5803761363493078,1.0979875593353703,1.3481576765581826,1.0920581074060813,1.135988736241602,-0.1180641131030522,1.0,-2.6457513110645903,0.0714285714285714,-0.2463297633178385,-0.33674215061012197,-1.0304157735342003,-1.0905977086643783,15580,0,0,1,0,0,1,0,1,0,0,0,0,0,1,0,0,0,0,0,0,0,0,1,0,0
0.4,0,1,0,0,1.5803761363493078,1.0979875593353703,1.3481576765581826,1.0920581074060813,1.507562747589791,0.8638024094262873,1.0,0.3779644730092272,1.0,-0.2463297633178385,-2.2346330463010475,0.5885296922842392,0.46364480901910754,16900,0,0,1,0,0,1,0,1,0,0,0,0,0,1,0,0,0,0,0,0,1,0,0,0,0
0.4,1,0,0,0,2.8177770260866386,2.13315260246624,1.3481576765581826,1.0920581074060813,1.5768392581801314,-0.1180641131030522,1.0,-2.6457513110645903,0.0714285714285714,-0.2463297633178385,-0.33674215061012197,-1.0304157735342003,-1.0905977086643783,16695,0,0,0,1,0,1,0,1,0,0,0,0,0,1,0,0,0,0,0,0,0,0,1,0,0
0.4,0,1,0,0,2.8177770260866386,2.13315260246624,1.3481576765581826,1.8926106642296623,1.996696898121588,0.8638024094262873,1.0,0.3779644730092272,1.0,-0.2463297633178385,-2.2346330463010475,0.04888120367809276,-0.9179040955884356,17075,0,0,0,1,0,1,0,1,0,0,0,0,0,1,0,0,0,0,0,0,1,0,0,0,0
0.4,1,0,0,0,1.5803761363493078,1.0979875593353703,1.3481576765581826,1.0920581074060813,1.135988736241602,-0.1180641131030522,1.0,0.3779644730092272,0.0714285714285714,-0.18754289373225844,-0.33674215061012197,-1.0304157735342003,-1.0905977086643783,16630,0,0,1,0,0,1,0,1,0,0,0,0,0,1,0,0,0,0,0,0,0,0,1,0,0
0.4,0,1,0,0,1.5803761363493078,1.0979875593353703,1.3481576765581826,1.0920581074060813,1.507562747589791,0.8638024094262873,1.0,0.3779644730092272,1.0,-0.2463297633178385,-2.2346330463010475,0.5885296922842392,0.46364480901910754,17950,0,0,1,0,0,1,0,1,0,0,0,0,0,1,0,0,0,0,0,0,1,0,0,0,0
0.4,1,1,0,0,1.7571476920260694,1.0979875593353703,1.3481576765581826,1.0920581074060813,1.2514495872255025,0.31150249050353385,1.0,0.3779644730092272,0.0,1.1351616719432935,1.0029455404658256,-1.2102986030695824,-1.0905977086643783,18150,0,0,1,0,0,1,0,1,0,0,0,0,0,1,0,0,0,0,0,0,0,0,1,0,0
0.6000000000000001,1,0,1,0,-0.894425643125354,-1.4036612948975653,-1.162581316222235,-1.309599563064662,-1.2928877108197252,-1.0385639779743079,0.0,0.3779644730092272,0.1428571428571428,-1.0399525027231697,0.7796642586198342,2.2074751581026786,1.8451937136266505,5572,0,1,0,0,1,0,0,0,1,0,0,0,0,1,0,0,0,0,1,0,0,0,0,0,0
0.6000000000000001,1,1,1,0,-0.894425643125354,-1.4036612948975653,-1.162581316222235,-1.309599563064662,-0.8520371888811956,-0.7930973473419731,1.0,0.3779644730092272,0.0,-0.0405757197683082,0.7796642586198342,-0.13100162585728942,-0.0544360302087211,7957,0,1,0,0,1,0,0,0,1,0,0,0,0,1,0,0,0,0,0,0,0,0,0,1,0
0.6000000000000001,1,0,0,0,-0.894425643125354,-1.4036612948975653,-1.162581316222235,-1.309599563064662,-1.1900225890340683,-1.0385639779743079,0.0,0.3779644730092272,0.1428571428571428,-1.0399525027231697,0.7796642586198342,1.1281781808903857,1.3271128743988219,6229,0,1,0,0,1,0,0,0,1,0,0,0,0,1,0,0,0,0,1,0,0,0,0,0,0
0.6000000000000001,1,0,0,0,-0.894425643125354,-0.5410237589551737,-1.162581316222235,-1.309599563064662,-1.143838248640508,-1.0385639779743079,0.0,0.3779644730092272,0.1428571428571428,-1.0399525027231697,0.7796642586198342,1.1281781808903857,1.3271128743988219,6692,0,0,1,0,1,0,0,0,1,0,0,0,0,1,0,0,0,0,1,0,0,0,0,0,0
0.6000000000000001,1,0,0,0,-0.894425643125354,-0.5410237589551737,-1.162581316222235,-1.309599563064662,-0.7197820322996368,-0.7930973473419731,0.0,0.3779644730092272,0.1428571428571428,-1.0399525027231697,0.7796642586198342,1.1281781808903857,1.3271128743988219,7609,0,0,1,0,1,0,0,0,1,0,0,0,0,1,0,0,0,0,1,0,0,0,0,0,0
0.2,1,0,0,0,0.8732899136422616,0.06282251620450036,-0.6604335176661514,2.292886942641453,0.0023731083996687296,-0.05669745544496848,1.0,0.3779644730092272,0.0714285714285714,-0.4520838068673688,-0.33674215061012197,-0.13100162585728942,-0.0544360302087211,8921,0,0,0,1,1,0,0,0,1,0,0,0,0,1,0,0,0,0,1,0,0,0,0,0,0
1.0,1,1,1,0,-0.5408825317718309,-0.023441237389738794,0.3438620794460156,-1.309599563064662,0.59647166891683,0.9865357247424547,1.0,0.3779644730092272,0.0,1.2233419763216637,-0.33674215061012197,-1.0304157735342003,-1.0905977086643783,12764,0,1,0,0,0,1,0,0,1,0,0,0,0,1,0,0,0,0,0,0,0,0,0,1,0
1.0,1,0,1,0,-0.7176540874485924,-0.4547600053609346,1.3481576765581826,-1.309599563064662,0.5125001409285386,0.8331190805972454,1.0,0.3779644730092272,0.1428571428571428,1.1645551067360838,0.7796642586198342,-1.0304157735342003,-0.5725168694365498,22018,0,1,0,0,0,1,0,0,1,0,0,0,0,1,0,0,0,0,0,0,0,0,1,0,0
1.0,1,0,1,1,-1.6015118658324001,-0.4547600053609346,-0.15828571911006795,-0.9093232846528715,0.4663158005349784,2.1525022202460455,1.0,-2.6457513110645903,0.1428571428571428,3.0457349334746464,1.6727893860037992,-1.3901814326049646,-0.9179040955884356,32528,1,0,0,0,0,1,0,0,0,1,0,0,0,0,1,0,0,0,0,0,0,0,1,0,0
1.0,1,0,1,1,-1.6015118658324001,-0.4547600053609346,-0.15828571911006795,-0.9093232846528715,0.4663158005349784,2.1525022202460455,1.0,-2.6457513110645903,0.1428571428571428,3.0457349334746464,1.6727893860037992,-1.3901814326049646,-0.9179040955884356,34028,1,0,0,0,0,1,0,0,0,1,0,0,0,0,1,0,0,0,0,0,0,0,1,0,0
1.0,1,0,1,1,-1.6015118658324001,-0.4547600053609346,-0.15828571911006795,-0.9093232846528715,0.5586844813220989,2.1525022202460455,1.0,-2.6457513110645903,0.1428571428571428,3.0457349334746464,1.6727893860037992,-1.3901814326049646,-0.9179040955884356,37028,0,0,0,0,0,1,0,0,0,1,0,0,0,0,1,0,0,0,0,0,0,0,1,0,0
0.4,1,0,0,0,-0.3641109760950693,0.6666687913641745,0.3438620794460156,0.6917818289942906,0.0947417891867892,0.2501358328454501,1.0,0.3779644730092272,0.0714285714285714,-0.39329693728178877,-0.11346086876413072,-0.31088445539267157,0.11825758286722178,9295,0,0,0,1,1,0,0,0,1,0,0,0,0,1,0,0,0,0,0,0,0,0,1,0,0
0.8,1,0,1,0,-0.3641109760950693,0.23535002339297867,0.3438620794460156,-1.309599563064662,-0.15507350657837754,0.2501358328454501,1.0,0.3779644730092272,0.0714285714285714,-0.39329693728178877,-0.11346086876413072,-0.31088445539267157,0.11825758286722178,9895,0,1,0,0,1,0,0,0,1,0,0,0,0,1,0,0,0,0,0,0,0,0,1,0,0
1.0,1,0,1,0,0.16620369093521536,1.0979875593353703,0.3438620794460156,1.0920581074060813,0.2605855569636646,-0.08738078427401035,1.0,0.3779644730092272,0.1428571428571428,0.19457175857401218,0.22146105400485616,-0.6706501144634359,-0.39982325636060684,11850,0,1,0,0,1,0,0,0,1,0,0,0,0,1,0,0,0,0,0,0,0,0,1,0,0
0.8,1,0,0,0,0.16620369093521536,1.0979875593353703,0.3438620794460156,1.0920581074060813,0.33825922035283407,-0.08738078427401035,1.0,0.3779644730092272,0.1428571428571428,0.19457175857401218,0.22146105400485616,-0.6706501144634359,-0.39982325636060684,12170,0,0,1,0,1,0,0,0,1,0,0,0,0,1,0,0,0,0,0,0,0,0,1,0,0
1.0,1,0,1,0,0.16620369093521536,1.0979875593353703,0.3438620794460156,1.0920581074060813,0.3634506787493215,-0.08738078427401035,0.0,-2.6457513110645903,0.1428571428571428,0.19457175857401218,0.22146105400485616,-0.6706501144634359,-0.39982325636060684,15040,0,1,0,0,1,0,0,0,1,0,0,0,0,1,0,0,0,0,0,0,0,0,1,0,0
0.8,1,0,0,0,0.16620369093521536,1.0979875593353703,0.3438620794460156,1.0920581074060813,0.47051437693439296,-0.08738078427401035,1.0,0.3779644730092272,0.1428571428571428,0.19457175857401218,0.22146105400485616,-0.6706501144634359,-0.39982325636060684,15510,0,0,1,0,1,0,0,0,1,0,0,0,0,1,0,0,0,0,0,0,0,0,1,0,0
1.0,1,1,1,0,0.16620369093521536,1.0979875593353703,0.3438620794460156,1.0920581074060813,0.5754787869197572,-0.08738078427401035,1.0,0.3779644730092272,0.1428571428571428,1.6642434982135144,0.7796642586198342,-1.0304157735342003,-0.7452104825124927,18150,0,1,0,0,1,0,0,0,0,0,0,0,0,1,0,0,0,0,0,0,0,0,1,0,0
0.8,1,1,0,0,0.16620369093521536,1.0979875593353703,0.3438620794460156,1.0920581074060813,0.6573510267083412,-0.08738078427401035,1.0,0.3779644730092272,0.1428571428571428,1.6642434982135144,0.7796642586198342,-1.0304157735342003,-0.7452104825124927,18620,0,0,1,0,1,0,0,0,0,0,0,0,0,1,0,0,0,0,0,0,0,0,1,0,0
0.8,1,0,1,0,-0.894425643125354,-1.4899250484918045,-1.162581316222235,-0.10877072782929041,-1.0157816684583638,-0.8237806761710149,1.0,-2.6457513110645903,0.1428571428571428,-1.0105590679303798,-0.5600234324561132,1.1281781808903857,0.9817256482469362,5118,0,1,0,0,1,0,0,0,0,1,0,0,0,1,0,0,0,0,1,0,0,0,0,0,0
0.8,1,0,1,0,-0.894425643125354,-1.4036612948975653,-1.162581316222235,-0.10877072782929041,-0.8688314944788539,-0.4862640590515545,1.0,-2.6457513110645903,0.0714285714285714,-0.8929853287592195,-1.6764298416860695,0.22876403321347494,0.11825758286722178,7053,0,1,0,0,1,0,0,0,0,1,0,0,0,1,0,0,0,0,1,0,0,0,0,0,0
0.8,1,0,1,0,-0.894425643125354,-1.4036612948975653,-1.162581316222235,0.6917818289942906,-0.6169169105139799,-0.4862640590515545,1.0,-2.6457513110645903,0.0714285714285714,-0.8929853287592195,-1.6764298416860695,0.22876403321347494,0.11825758286722178,7603,0,1,0,0,0,0,0,0,0,1,0,0,0,1,0,0,0,0,1,0,0,0,0,0,0
0.4,1,0,0,0,-0.18733942041830773,-0.10970499098397796,-0.15828571911006795,-0.509047006241081,-0.8163492894861718,-0.4862640590515545,1.0,-2.6457513110645903,0.1428571428571428,-0.6284444156241091,-0.7833047143021045,1.308061010425768,1.154419261322879,7126,0,0,1,0,1,0,0,0,0,1,0,0,0,1,0,0,0,0,1,0,0,0,0,0,0
0.4,1,0,0,0,-0.18733942041830773,-0.10970499098397796,-0.15828571911006795,-0.509047006241081,-0.7218813204993441,-0.4862640590515545,1.0,-2.6457513110645903,0.1428571428571428,-0.6284444156241091,-1.6764298416860695,0.5885296922842392,0.46364480901910754,7775,0,0,1,0,1,0,0,0,0,1,0,0,0,1,0,0,0,0,1,0,0,0,0,0,0
0.4,1,0,0,0,-0.18733942041830773,-0.10970499098397796,-0.15828571911006795,-0.509047006241081,-0.4069880905432516,-0.4862640590515545,1.0,-2.6457513110645903,0.1428571428571428,-0.27572319811062856,0.10982041308186054,0.22876403321347494,0.29095119594316465,9960,0,0,1,0,1,0,0,0,0,1,0,0,0,1,0,0,0,0,0,0,0,0,1,0,0
0.4,1,0,0,0,-0.18733942041830773,-0.10970499098397796,-0.15828571911006795,0.29150555058250016,-0.3125201215564238,-0.4862640590515545,1.0,-2.6457513110645903,0.1428571428571428,-0.6284444156241091,-0.7833047143021045,-0.13100162585728942,-0.9179040955884356,9233,0,0,1,0,0,0,0,0,0,1,0,0,0,1,0,0,0,0,1,0,0,0,0,0,0
0.4,1,1,0,0,-0.18733942041830773,-0.10970499098397796,-0.15828571911006795,0.29150555058250016,-0.05010909659301336,-0.4862640590515545,1.0,-2.6457513110645903,0.0,0.2239651933668022,-0.7833047143021045,-0.13100162585728942,-0.22712964328466398,11259,0,0,1,0,0,0,0,0,0,1,0,0,0,1,0,0,0,0,0,0,0,0,1,0,0
0.4,1,0,0,0,-0.18733942041830773,-0.023441237389738794,-0.15828571911006795,-0.10877072782929041,-0.5119525005286157,-0.4862640590515545,1.0,-2.6457513110645903,0.1428571428571428,-0.6284444156241091,-0.7833047143021045,0.5885296922842392,0.29095119594316465,7463,0,0,0,1,1,0,0,0,0,1,0,0,0,1,0,0,0,0,1,0,0,0,0,0,0
0.4,1,0,0,0,-0.18733942041830773,-0.023441237389738794,-0.15828571911006795,-0.10877072782929041,-0.16556994757691396,-0.4862640590515545,1.0,-2.6457513110645903,0.1428571428571428,-0.27572319811062856,0.10982041308186054,0.04888120367809276,0.11825758286722178,10198,0,0,0,1,1,0,0,0,0,1,0,0,0,1,0,0,0,0,0,0,0,0,1,0,0
0.4,1,0,0,0,-0.3641109760950693,-0.023441237389738794,-0.15828571911006795,0.29150555058250016,-0.23904503456666887,-0.4862640590515545,1.0,-2.6457513110645903,0.1428571428571428,-0.6284444156241091,-0.7833047143021045,-0.31088445539267157,-0.22712964328466398,8013,0,0,0,1,0,0,0,0,0,1,0,0,0,1,0,0,0,0,1,0,0,0,0,0,0
0.4,1,1,0,0,-0.3641109760950693,-0.023441237389738794,-0.15828571911006795,0.29150555058250016,0.24379125136600632,-0.4862640590515545,1.0,-2.6457513110645903,0.0,0.2239651933668022,-0.7833047143021045,-0.31088445539267157,-1.2632913217403212,11694,0,0,0,1,0,0,0,0,0,1,0,0,0,1,0,0,0,0,0,0,0,0,1,0,0
0.6000000000000001,1,0,1,0,-0.5408825317718309,-1.317397541303326,-1.162581316222235,0.29150555058250016,-1.1522354014393372,-0.9771973203162242,1.0,0.3779644730092272,0.1428571428571428,-1.21631311147991,-0.7833047143021045,1.8477094990319145,1.4998064874747647,5348,0,1,0,0,1,0,0,0,1,0,0,0,0,1,0,0,0,0,1,0,0,0,0,0,0
0.6000000000000001,1,0,1,0,-0.5408825317718309,-1.317397541303326,-1.162581316222235,0.29150555058250016,-1.0367745504554366,-0.9771973203162242,1.0,0.3779644730092272,0.1428571428571428,-1.21631311147991,-0.7833047143021045,1.1281781808903857,1.3271128743988219,6338,0,1,0,0,1,0,0,0,1,0,0,0,0,1,0,0,0,0,1,0,0,0,0,0,0
0.6000000000000001,1,0,0,0,-0.5408825317718309,-1.317397541303326,-1.162581316222235,0.29150555058250016,-1.0892567554481187,-0.9771973203162242,1.0,0.3779644730092272,0.1428571428571428,-1.21631311147991,-0.7833047143021045,1.1281781808903857,1.3271128743988219,6488,0,1,0,0,1,0,0,0,1,0,0,0,0,1,0,0,0,0,1,0,0,0,0,0,0
0.4,1,0,0,0,-0.5408825317718309,-0.3684962517666954,-1.162581316222235,2.292886942641453,-0.5329453825256886,-0.9771973203162242,1.0,0.3779644730092272,0.1428571428571428,-1.21631311147991,-0.7833047143021045,1.1281781808903857,1.154419261322879,6918,0,0,0,1,1,0,0,0,1,0,0,0,0,1,0,0,0,0,1,0,0,0,0,0,0
0.4,1,0,0,0,-0.5408825317718309,-0.3684962517666954,-1.162581316222235,2.292886942641453,-0.5119525005286157,-0.9771973203162242,1.0,0.3779644730092272,0.1428571428571428,-1.21631311147991,-0.7833047143021045,0.4086468627488571,0.29095119594316465,7898,0,0,0,1,0,0,0,0,1,0,0,0,0,1,0,0,0,0,1,0,0,0,0,0,0
0.4,1,0,0,0,-0.5408825317718309,-0.3684962517666954,-1.162581316222235,2.292886942641453,1.2094638232313568,-0.9771973203162242,1.0,0.3779644730092272,0.1428571428571428,-1.21631311147991,-0.7833047143021045,0.4086468627488571,0.29095119594316465,8778,0,0,0,1,0,0,0,0,1,0,0,0,0,1,0,0,0,0,1,0,0,0,0,0,0
0.4,1,0,0,0,-0.5408825317718309,-0.627287512549413,-0.6604335176661514,-0.10877072782929041,-0.950703734267438,-0.7930973473419731,1.0,0.3779644730092272,0.1428571428571428,-0.9811656331375896,-0.7833047143021045,0.9482953513550036,1.154419261322879,6938,0,0,1,0,1,0,0,0,1,0,0,0,0,1,0,0,0,0,1,0,0,0,0,0,0
0.4,1,0,0,0,-0.5408825317718309,-0.627287512549413,-0.6604335176661514,-0.509047006241081,-0.8919236646756341,-0.7930973473419731,1.0,0.3779644730092272,0.1428571428571428,-0.9811656331375896,-0.7833047143021045,0.9482953513550036,1.154419261322879,7198,0,1,0,0,1,0,0,0,1,0,0,0,0,1,0,0,0,0,1,0,0,0,0,0,0
0.4,1,0,0,0,-0.5408825317718309,-0.627287512549413,-0.6604335176661514,-0.10877072782929041,-0.9234129876712434,-0.7930973473419731,1.0,0.3779644730092272,0.1428571428571428,-0.9811656331375896,-0.7833047143021045,2.387357987638061,2.881355392082308,7738,0,0,1,0,1,0,0,0,1,0,0,0,0,1,0,0,0,0,1,0,0,0,0,0,0
0.4,1,0,0,0,-0.5408825317718309,-0.627287512549413,-0.6604335176661514,-0.509047006241081,-0.8646329180794393,-0.7930973473419731,1.0,0.3779644730092272,0.1428571428571428,-0.9811656331375896,-0.7833047143021045,0.5885296922842392,0.6363384220950504,8358,0,1,0,0,1,0,0,0,1,0,0,0,0,1,0,0,0,0,1,0,0,0,0,0,0
0.4,1,0,0,0,-0.5408825317718309,-0.627287512549413,-0.6604335176661514,-0.509047006241081,-0.8268457304847082,-0.7930973473419731,1.0,0.3779644730092272,0.1428571428571428,-0.9811656331375896,-0.7833047143021045,0.5885296922842392,0.6363384220950504,9258,0,0,1,0,1,0,0,0,1,0,0,0,0,1,0,0,0,0,1,0,0,0,0,0,0
0.6000000000000001,1,0,1,0,-0.7176540874485924,-0.4547600053609346,-0.6604335176661514,-0.509047006241081,-0.765966372693197,-0.7930973473419731,1.0,0.3779644730092272,0.1428571428571428,-0.9811656331375896,-0.7833047143021045,0.7684125218196214,0.6363384220950504,8058,0,0,1,0,0,1,0,0,1,0,0,0,0,1,0,0,0,0,1,0,0,0,0,0,0
0.6000000000000001,1,0,1,0,-0.7176540874485924,-0.4547600053609346,-0.6604335176661514,-0.509047006241081,-0.6924912857034421,-0.7930973473419731,1.0,0.3779644730092272,0.1428571428571428,-0.9811656331375896,-0.7833047143021045,0.7684125218196214,0.6363384220950504,8238,0,1,0,0,0,1,0,0,1,0,0,0,0,1,0,0,0,0,1,0,0,0,0,0,0
0.8,1,0,1,0,-0.010567864741546184,0.23535002339297867,-0.15828571911006795,-0.509047006241081,0.012869549398205147,0.6797024364520361,1.0,0.3779644730092272,0.1428571428571428,0.37093236733075247,-0.7833047143021045,-0.13100162585728942,-0.0544360302087211,8449,1,0,0,0,0,1,0,0,1,0,0,0,0,1,0,0,0,0,0,0,0,0,1,0,0
0.8,1,0,1,0,-0.010567864741546184,0.23535002339297867,-0.15828571911006795,-0.509047006241081,0.004472396599376013,0.6797024364520361,1.0,0.3779644730092272,0.1428571428571428,0.37093236733075247,-0.7833047143021045,-0.13100162585728942,-0.0544360302087211,9639,1,0,0,0,0,1,0,0,1,0,0,0,0,1,0,0,0,0,0,0,0,0,1,0,0
0.8,1,0,1,0,-0.010567864741546184,0.23535002339297867,-0.15828571911006795,-0.509047006241081,0.035961719594985266,0.6797024364520361,1.0,0.3779644730092272,0.1428571428571428,0.37093236733075247,-0.7833047143021045,-0.13100162585728942,-0.0544360302087211,9989,0,1,0,0,0,1,0,0,1,0,0,0,0,1,0,0,0,0,0,0,0,0,1,0,0
0.8,1,0,1,0,-0.010567864741546184,0.23535002339297867,-0.15828571911006795,-0.509047006241081,0.30467060915751754,0.6797024364520361,1.0,0.3779644730092272,0.1428571428571428,0.37093236733075247,-0.7833047143021045,-0.13100162585728942,-0.0544360302087211,11199,1,0,0,0,0,1,0,0,1,0,0,0,0,1,0,0,0,0,0,0,0,0,1,0,0
0.8,1,0,1,0,-0.010567864741546184,0.23535002339297867,-0.15828571911006795,-0.509047006241081,0.3781456961472725,0.6797024364520361,1.0,0.3779644730092272,0.1428571428571428,0.37093236733075247,-0.7833047143021045,-0.13100162585728942,-0.0544360302087211,11549,0,1,0,0,0,1,0,0,1,0,0,0,0,1,0,0,0,0,0,0,0,0,1,0,0
0.8,1,0,1,0,-0.010567864741546184,0.23535002339297867,-0.15828571911006795,-0.10877072782929041,0.9260599162708735,0.6797024364520361,1.0,0.3779644730092272,0.1428571428571428,0.37093236733075247,-0.7833047143021045,-0.13100162585728942,-0.0544360302087211,17669,0,0,0,0,0,1,0,0,1,0,0,0,0,1,0,0,0,0,0,0,0,0,1,0,0
0.2,1,0,0,0,0.6965183579655,0.1490862697987395,0.3438620794460156,0.29150555058250016,-0.43637812533915354,-0.05669745544496848,1.0,0.3779644730092272,0.0714285714285714,-0.33451006769620867,-2.122992405378052,0.7684125218196214,0.6363384220950504,8948,0,0,1,0,1,0,0,0,1,0,0,0,0,1,0,0,0,0,0,0,0,0,1,0,0
0.2,1,0,0,0,0.6965183579655,0.1490862697987395,0.3438620794460156,-0.10877072782929041,-0.25164076376491257,-0.05669745544496848,1.0,0.3779644730092272,0.0714285714285714,-0.33451006769620867,-2.122992405378052,0.4086468627488571,0.29095119594316465,9988,0,1,0,0,1,0,0,0,1,0,0,0,0,1,0,0,0,0,0,0,0,0,1,0,0
0.2,1,0,0,0,0.6965183579655,0.1490862697987395,0.3438620794460156,0.29150555058250016,-0.25164076376491257,-0.05669745544496848,1.0,0.3779644730092272,0.0714285714285714,-0.33451006769620867,-2.122992405378052,0.4086468627488571,0.29095119594316465,10898,0,0,1,0,1,0,0,0,1,0,0,0,0,1,0,0,0,0,0,0,0,0,1,0,0
0.2,1,0,0,0,0.6965183579655,0.1490862697987395,0.3438620794460156,-0.10877072782929041,-0.1592720829777921,-0.05669745544496848,1.0,0.3779644730092272,0.0714285714285714,-0.33451006769620867,-2.122992405378052,0.4086468627488571,0.29095119594316465,11248,0,1,0,0,1,0,0,0,1,0,0,0,0,1,0,0,0,0,0,0,0,0,1,0,0
1.0,1,0,1,0,0.6965183579655,0.8391962985526528,0.8460098780020991,-0.509047006241081,0.9281592044705808,1.4467856571780826,1.0,0.3779644730092272,0.1428571428571428,1.6936369330063046,0.10982041308186054,-0.8505329439988181,-1.0905977086643783,16558,0,1,0,0,0,1,0,0,0,0,0,0,0,0,1,0,0,0,0,0,0,0,1,0,0
1.0,1,0,1,0,0.6965183579655,0.8391962985526528,0.8460098780020991,-0.509047006241081,1.0121307324588722,1.4467856571780826,1.0,0.3779644730092272,0.1428571428571428,1.6936369330063046,0.10982041308186054,-1.0304157735342003,-1.0905977086643783,15998,0,1,0,0,0,1,0,0,0,0,0,0,0,0,1,0,0,0,0,0,0,0,1,0,0
0.2,1,0,0,0,1.050061469319023,1.1842513129296095,0.3438620794460156,0.29150555058250016,1.2535488754252098,1.4467856571780826,1.0,0.3779644730092272,0.1428571428571428,1.5466697590423544,0.10982041308186054,-0.8505329439988181,-1.0905977086643783,15690,0,0,1,0,0,1,0,0,0,0,0,0,0,0,1,0,0,0,0,0,0,0,1,0,0
0.2,1,0,0,0,1.050061469319023,1.1842513129296095,0.3438620794460156,0.29150555058250016,1.2955346394193554,1.139952368887664,1.0,0.3779644730092272,0.1428571428571428,1.5466697590423544,0.10982041308186054,-1.0304157735342003,-1.0905977086643783,15750,0,0,0,1,0,1,0,0,0,0,0,0,0,0,1,0,0,0,0,0,0,0,1,0,0
0.8,1,0,1,0,-0.18733942041830773,-0.1959687445782171,-0.15828571911006795,0.6917818289942906,-0.6819948447049057,-0.45558073022251266,1.0,0.3779644730092272,0.1428571428571428,-0.540264111245739,0.22146105400485616,0.4086468627488571,0.6363384220950504,7975,0,0,1,0,1,0,0,0,1,0,0,0,0,1,0,0,0,0,0,0,0,0,1,0,0
0.8,1,0,0,0,-0.18733942041830773,-0.1959687445782171,-0.15828571911006795,0.6917818289942906,-0.6756969801057838,-0.45558073022251266,1.0,0.3779644730092272,0.1428571428571428,-0.540264111245739,0.22146105400485616,0.4086468627488571,0.6363384220950504,8195,0,0,1,0,1,0,0,0,1,0,0,0,0,1,0,0,0,0,0,0,0,0,1,0,0
0.8,1,0,0,0,-0.18733942041830773,-0.1959687445782171,-0.15828571911006795,0.6917818289942906,-0.543441823524225,-0.45558073022251266,1.0,0.3779644730092272,0.1428571428571428,-0.540264111245739,0.22146105400485616,0.4086468627488571,0.6363384220950504,8495,0,0,1,0,1,0,0,0,1,0,0,0,0,1,0,0,0,0,0,0,0,0,1,0,0
0.8,1,0,0,0,-0.18733942041830773,-0.1959687445782171,-0.15828571911006795,0.6917818289942906,-0.4909596185315429,-0.45558073022251266,1.0,0.3779644730092272,0.2142857142857142,-0.0993625893538883,0.7796642586198342,0.22876403321347494,0.29095119594316465,9995,0,0,1,0,1,0,0,0,1,0,0,0,0,1,0,0,0,0,0,0,0,0,1,0,0
1.0,1,0,1,0,-0.7176540874485924,-1.231133787709087,-0.6604335176661514,0.6917818289942906,-0.5875268757180779,-0.45558073022251266,1.0,0.3779644730092272,0.0714285714285714,-0.39329693728178877,0.7796642586198342,-0.13100162585728942,-0.22712964328466398,11595,0,0,0,0,1,0,0,0,1,0,0,0,0,1,0,0,0,0,0,0,0,0,1,0,0
1.0,1,0,1,0,-0.7176540874485924,-0.713551266143652,-0.6604335176661514,-0.9093232846528715,-0.6568033863084183,-0.45558073022251266,1.0,0.3779644730092272,0.0714285714285714,-0.39329693728178877,0.7796642586198342,-0.13100162585728942,-0.22712964328466398,9980,0,1,0,0,1,0,0,0,1,0,0,0,0,1,0,0,0,0,0,0,0,0,1,0,0
0.4,1,0,0,0,0.3429752466119769,0.5804050377699354,0.3438620794460156,0.6917818289942906,0.26688342156278644,0.37286914816161754,1.0,0.3779644730092272,0.0714285714285714,0.19457175857401218,0.7796642586198342,-1.0304157735342003,-1.0905977086643783,13295,0,0,1,0,1,0,0,0,1,0,0,0,1,0,0,0,0,0,0,0,0,0,1,0,0
0.4,1,0,0,0,0.3429752466119769,0.8391962985526528,0.3438620794460156,0.6917818289942906,0.06115317799147267,-0.45558073022251266,1.0,0.3779644730092272,0.1428571428571428,-0.4520838068673688,0.7796642586198342,0.04888120367809276,0.11825758286722178,12290,0,0,0,1,1,0,0,0,1,0,0,0,0,1,0,0,0,0,0,0,0,0,1,0,0
0.0,1,0,0,0,1.050061469319023,1.2705150665238485,0.8460098780020991,1.0920581074060813,0.7938047596893146,0.5262857923068268,1.0,0.3779644730092272,0.1428571428571428,0.31214549774517236,0.5563829767738431,-0.31088445539267157,-0.39982325636060684,12940,0,0,1,0,0,1,0,0,1,0,0,0,0,1,0,0,0,0,0,0,0,0,1,0,0
0.2,1,0,0,0,1.050061469319023,1.2705150665238485,0.8460098780020991,1.4923343858178717,1.0499179200536033,0.5262857923068268,1.0,0.3779644730092272,0.1428571428571428,0.31214549774517236,0.5563829767738431,-0.31088445539267157,-0.39982325636060684,13415,0,0,0,1,0,1,0,0,1,0,0,0,0,1,0,0,0,0,0,0,0,0,1,0,0
0.0,1,0,0,0,1.050061469319023,1.2705150665238485,0.8460098780020991,1.0920581074060813,0.8420883882825821,0.5262857923068268,1.0,0.3779644730092272,0.1428571428571428,0.31214549774517236,0.5563829767738431,-0.13100162585728942,-0.39982325636060684,15985,0,0,1,0,0,1,0,0,1,0,0,0,0,1,0,0,0,0,0,0,0,0,1,0,0
0.2,1,0,0,0,1.050061469319023,1.2705150665238485,0.8460098780020991,1.4923343858178717,1.0667122256512616,0.5262857923068268,1.0,0.3779644730092272,0.1428571428571428,0.31214549774517236,0.5563829767738431,-0.13100162585728942,-0.39982325636060684,16515,0,0,0,1,0,1,0,0,1,0,0,0,0,1,0,0,0,0,0,0,0,0,1,0,0
0.0,1,1,0,0,1.050061469319023,1.2705150665238485,0.8460098780020991,1.0920581074060813,1.0730100902503834,0.18876917518736638,1.0,0.3779644730092272,0.0,1.7230303677990946,-0.11346086876413072,-1.3901814326049646,-1.435984934816264,18420,0,0,1,0,0,1,0,0,1,0,0,0,0,1,0,0,0,0,0,0,0,0,1,0,0
0.2,1,1,0,0,1.050061469319023,1.2705150665238485,0.8460098780020991,1.4923343858178717,1.3081303686175991,0.18876917518736638,1.0,0.3779644730092272,0.0,1.7230303677990946,-0.11346086876413072,-1.3901814326049646,-1.435984934816264,18950,0,0,0,1,0,1,0,0,1,0,0,0,0,1,0,0,0,0,0,0,0,0,1,0,0
0.2,1,0,0,0,1.9339192477028309,1.2705150665238485,1.3481576765581826,0.6917818289942906,0.877776287677606,0.5262857923068268,1.0,0.3779644730092272,0.1428571428571428,0.31214549774517236,0.5563829767738431,-0.31088445539267157,-0.39982325636060684,16845,0,0,1,0,0,1,0,0,1,0,0,0,0,1,0,0,0,0,0,0,0,0,1,0,0
0.2,1,1,0,0,1.9339192477028309,1.2705150665238485,1.3481576765581826,0.6917818289942906,1.0814072430492125,0.5262857923068268,1.0,0.3779644730092272,0.0714285714285714,1.6642434982135144,0.3331016949278518,-1.0304157735342003,-0.9179040955884356,19045,0,0,1,0,0,1,0,0,1,0,0,0,0,1,0,0,0,0,0,0,0,0,1,0,0
0.2,1,0,0,0,1.9339192477028309,1.2705150665238485,1.3481576765581826,0.6917818289942906,1.003733579660043,1.5081523148361664,1.0,-2.6457513110645903,0.0714285714285714,0.9000141936009732,0.7796642586198342,-1.2102986030695824,-1.2632913217403212,21485,0,0,1,0,0,1,0,0,0,0,1,0,0,0,1,0,0,0,0,0,0,0,1,0,0
0.2,1,1,0,0,1.9339192477028309,1.2705150665238485,1.3481576765581826,0.6917818289942906,1.1086979896454072,0.5262857923068268,1.0,0.3779644730092272,0.1428571428571428,0.31214549774517236,0.5563829767738431,-1.0304157735342003,-0.9179040955884356,22625,0,0,1,0,0,1,0,0,1,0,0,0,0,1,0,0,0,0,0,0,0,0,1,0,0
